{
  "project_info": {
    "project_number": "669722124194",
    "project_id": "asm1appdev-4af08",
    "storage_bucket": "asm1appdev-4af08.firebasestorage.app"
  },
  "client": [
    {
      "client_info": {
        "mobilesdk_app_id": "1:669722124194:android:df4b9552d648bf0b52dcfb",
        "android_client_info": {
          "package_name": "com.example.asm2_ad_team1"
        }
      },
      "oauth_client": [],
      "api_key": [
        {
          "current_key": "AIzaSyDqPELlPQfMkHdLWCtv_7AyoSdxshxfDk0"
        }
      ],
      "services": {
        "appinvite_service": {
          "other_platform_oauth_client": []
        }
      }
    }
  ],
  "configuration_version": "1"
}